1|https://cf.bstatic.com/xdata/images/hotel/max1024x768/8008888.jpg?k=b118ed86657f9bf0aa8e72a81db2132c390e43ed57779e98de2eb70fbaebd0bd&o=&hp=1|1
2|https://limg.hostelsclub.com/pics/20867/020867-1295376723.jpg|1
3|https://pix10.agoda.net/hotelImages/229/229368/229368_1112141612005096766.jpg?ca=0&ce=1&s=1024x768|1
4|https://belano.rs/wp-content/uploads/2019/11/Hotel_Moskva.jpg|2
5|https://img.itinari.com/activity/images/original/683c7ff4-59e8-4162-9ced-cdcaae6c5f43-2270879_136_z.jpg?ch=DPR&dpr=2.625&w=1200&h=800&s=932fab853a9a2194d280e0371f030863|2
6|https://www.banje-srbije.com/galerija/2011-05-03_10-39-13-22h92hmupu.jpg|2
7|https://fastly.4sqi.net/img/general/600x600/Z3XQ1WJCNVENBPNGB3B0ND3LHNEWLNX3Q5JXH4PXZ1FE5W0Y.jpg|3
8|https://encrypted-tbn0.gstatic.com/images?q=tbn:ANd9GcTuL_YN4XtzHJlHLr-JTcvgCDx-ZMZxxLFRrQ&usqp=CAU|3
9|https://dynamic-media-cdn.tripadvisor.com/media/photo-o/29/5e/47/46/exterior.jpg?w=700&h=-1&s=1|4
10|https://goingluxury.com/wp-content/uploads/2016/08/atlantis-4.jpg|4
11|https://dynamic-media-cdn.tripadvisor.com/media/photo-o/26/67/c0/0e/exterior.jpg?w=700&h=-1&s=1|5
12|https://ak-d.tripcdn.com/images/02008120008xf1hxo4347_R_800_525.jpg|5
13|https://dynamic-media-cdn.tripadvisor.com/media/photo-o/18/bf/b6/f1/ambasador-hotel-nis.jpg?w=700&h=-1&s=1|6
14|https://ambasadorhotel.com/wp-content/uploads/2020/09/superior3.jpg|6
15|https://cf.bstatic.com/xdata/images/hotel/max1024x768/362208432.jpg?k=fb969fae67143ac38afe859e8e63068b2b13fd0dcbbb21f331a363c82e6d7c65&o=&hp=1|7
16|https://media.dertouristik.com/exports/KuoniUK/ImageGalleryLightboxLarge/388800_ImageGalleryLightboxLarge.jpg|7
17|asdf|8
18|asdf|8
19|https://cloudfront-us-east-1.images.arcpublishing.com/avalonbay/FEA6JVUH65HWXLYD7NCELWMO6Q.jpg|8
20|https://encrypted-tbn0.gstatic.com/images?q=tbn:ANd9GcS3UeIDmrAkhR8BiM4HVDuQ5Lul-c6s0Ef_JrdXZjIxWjRHKi6_mMxXWRn7yx6CmGMZ_Ts&usqp=CAU|8
21|https://img.halooglasi.com/slike/oglasi/Thumbs/190226/l/vikendica-fruska-gora---letnjikovac-i-rostilj-5425634533938-71787677486.jpg|9
22|https://i.ytimg.com/vi/U2XRUDJS1-E/maxresdefault.jpg|9
23|https://cf.bstatic.com/xdata/images/hotel/max1024x768/423335188.jpg?k=1134d1897afa1d09cab77955f4cdc2caa18ede50b7ef85fd4a1bcfb0b3c3aa74&o=&hp=1|10
24|https://hotelvojvodina.rs/uploads/20220204_123409-q8suh5.jpg|10
