1|1|https://cdn.pixabay.com/photo/2015/04/23/22/00/tree-736885__480.jpg
2|1|https://www.lexhaminsurance.co.uk/media/fvrpksbv/new-sizing_suzuki-v-strom.jpg
3|2|https://media.istockphoto.com/id/924894324/photo/eiffel-tower-in-paris-france.jpg?s=612x612&w=0&k=20&c=-JtvFKeFQqy4gxiCaTQXBlhlMKXwsnUuPq8iUH-dqOo=
4|2|https://media.istockphoto.com/id/877496736/photo/aerial-panoramic-cityscape-view-of-paris-france.jpg?s=612x612&w=0&k=20&c=k9M4XEtQTZ9PIuMQE4ShLD5v1gmjG6hmKH6MjOSqweo=
5|2|https://media.istockphoto.com/id/1324189687/photo/arc-de-triomphe-from-the-sky-paris.jpg?b=1&s=170667a&w=0&k=20&c=njR3Id6dAMM5XtTUdxTov4yWfTAjVn6w10YucDfeUJY=
6|3|https://media.istockphoto.com/id/1174818077/photo/mosque-and-pyramids.jpg?b=1&s=612x612&w=0&k=20&c=Lp3ObQEiJiXfwnqG4XW5ReJiUM79xOVlW9S7TAeMFvE=
7|3|https://media.istockphoto.com/id/1270775179/photo/cairo-found-nile.jpg?b=1&s=170667a&w=0&k=20&c=9gCYEuxl9QtgnU4_q_mq7GjrMLNlDOrS0VQ8tJbQzqU=
8|3|https://images.pexels.com/photos/1369212/pexels-photo-1369212.jpeg?cs=srgb&dl=pexels-andreea-ch-1369212.jpg&fm=jpg
9|3|https://previews.agefotostock.com/previewimage/medibigoff/70ac5f1ece1659a8ab84b6d51cdce4f0/esy-051883531.jpg
10|4|https://mediaim.expedia.com/destination/1/2f2c81f2d447ac3df42f9e09314df7a6.jpg
11|5|https://cdn.tourradar.com/s3/tour/1500x800/186300_265fdd5f.jpg
12|5|https://static.euronews.com/articles/stories/05/68/19/10/1440x810_cmsv2_5534067a-b71c-561f-a3ea-cbe3a617540d-5681910.jpg
13|6|xs
14|7|xws
