1|1|https://www.travelandleisure.com/thmb/jqWth028Ee1HVVCYdy-i0bvUPbY=/1500x0/filters:no_upscale():max_bytes(150000):strip_icc()/header-the-valley-anguilla-ANGUILLATG0422-e27e2caad85f4f4d8d95c09bf50766e9.jpg
2|2|https://media.istockphoto.com/id/1403617423/photo/young-woman-tourist-in-sun-hat-and-white-dress-standing-in-front-of-eiffel-tower-in-paris-at.jpg?s=170667a&w=0&k=20&c=bIGYPi26N1Gx-Vh8nWTG3eO-Z4M1LJEO3hvyZY6Hwgg=
3|3|https://images.unsplash.com/photo-1575986767340-5d17ae767ab0?ixlib=rb-4.0.3&ixid=M3wxMjA3fDB8MHxzZWFyY2h8M3x8dG91cmlzdHxlbnwwfHwwfHx8MA%3D%3D&w=1000&q=80
4|3|https://beogradskisajamturizma.rs/wp-content/uploads/turizam2022_tdf_mtb_marathon.jpg
5|4|https://www.serbia.travel/files/Novi%20Sad%20(12).jpg
6|5|https://bookaweb.s3.eu-central-1.amazonaws.com/media/23864/iStock-1217964004-%281%29.jpg
7|5|https://cfb.rabbitloader.xyz/pzrjac7g/rls.t-nw-a28/wp-content/uploads/2018/07/novi-sad-fullwidth.jpg
8|6|https://cfb.rabbitloader.xyz/pzrjac7g/rls.t-nw-a28/wp-content/uploads/2018/07/novi-sad-fullwidth.jpg
9|7|https://cdn.tourradar.com/s3/tour/645x430/210686_637b73b8dfc73.jpg
10|8|https://media.tacdn.com/media/attractions-splice-spp-674x446/07/1e/c2/62.jpg
11|9|https://images.ski.com/media/vr-mr/whitefish.jpg
12|9|https://images.unsplash.com/photo-1575986767340-5d17ae767ab0?ixlib=rb-4.0.3&ixid=M3wxMjA3fDB8MHxzZWFyY2h8M3x8dG91cmlzdHxlbnwwfHwwfHx8MA%3D%3D&w=1000&q=80
13|10|https://assets.simpleviewinc.com/simpleview/image/upload/c_limit,h_1200,q_75,w_1200/v1/clients/orlandofl/icon_park_gcm_2020_generic_9522_098e23a2-fa8d-44ed-8e90-edda212c233f.jpg
14|10|https://images.ctfassets.net/hrltx12pl8hq/7JnR6tVVwDyUM8Cbci3GtJ/bf74366cff2ba271471725d0b0ef418c/shutterstock_376532611-og.jpg
15|11|https://media.tacdn.com/media/attractions-splice-spp-674x446/06/6c/46/08.jpg
16|12|https://media.tacdn.com/media/attractions-splice-spp-674x446/06/6a/e6/7a.jpg
17|13|https://media.tacdn.com/media/attractions-splice-spp-674x446/07/01/31/d8.jpg
18|13|https://dynamic-media-cdn.tripadvisor.com/media/photo-o/18/27/d5/84/the-cathedral-of-notre.jpg?w=1200&h=900&s=1
19|14|https://dynamic-media-cdn.tripadvisor.com/media/photo-o/17/fc/3d/58/photo0jpg.jpg?w=1200&h=-1&s=1
20|15|https://www.francetourisme.fr/images/visite_de_paris/croisiere_paris_city_tour_2h.jpg
21|16|https://curbelolaw.com/wp-content/uploads/2021/10/how-long-can-we-stay-in-usa-with-tourist-visa.jpg
22|17|https://www.travelandleisure.com/thmb/vpu804P43YKamagVAnG7dVo41ns=/1500x0/filters:no_upscale():max_bytes(150000):strip_icc()/TAL-Halkidiki-BESTPLACESGR0323-a02d8975f6cc4c1e99d05bb359a86adc.jpg
23|18|https://feelserbia.com/wp-content/uploads/2019/03/Novi-sad-1.jpg
24|19|https://feelserbia.com/wp-content/uploads/2019/03/Novi-sad.jpg
25|20|https://img.ev.mu/images/villes/53467/600x400/53467.jpg
26|21|https://www.holidify.com/images/cmsuploads/compressed/shutterstock_556743958_20191220161937.jpg
27|22|https://www.traveltourister.com/admin/include/upload/packages/5b979f54c2c36paris%20tour%20package.jpg
28|22|https://cdn.getyourguide.com/img/tour/cf879ee295abc8e4.jpeg/97.jpg
29|23|https://st.depositphotos.com/3332767/4831/i/450/depositphotos_48317587-stock-photo-tourist-taking-selfie-at-beach.jpg
30|24|https://images.unsplash.com/photo-1533228876829-65c94e7b5025?ixlib=rb-4.0.3&ixid=M3wxMjA3fDB8MHxzZWFyY2h8MTB8fGZyZWV8ZW58MHx8MHx8fDA%3D&w=1000&q=80
31|24|https://cdn.getyourguide.com/img/tour/5cf603f2038c1.jpeg/146.jpg
32|25|https://www.serbiainspiredtours.com/images/ture/belgrade-tours-welcome-tour-11.jpg.jpg
33|26|https://www.energovg.rs/images/2018/09/BW_Residences_01-1.jpg
34|26|https://ichef.bbci.co.uk/news/640/cpsprodpb/508C/production/_106602602_img_0072.jpg
